Disease,Question,Answer
Anxiety,I failed my exams and now I cannot stop thinking I’m a failure. How do I move forward?,"Common types of anxiety include social anxiety disorder and generalised anxiety disorder (GAD). There are many evidence-based treatments for anxiety, including therapy and medication. Taking the first step in the journey to recovery can be hard."
Anxiety,I do not want to leave my room or talk to anyone. What’s wrong with me?,"Everyone feels anxious from time to time. When anxious feelings do not go away, happen without any particular reason or make it hard to cope with daily life it may be the sign of an anxiety condition. Anxiety conditions affect 1 in 4 people in Australia and they are treatable."
Anxiety,"I feel like my body is always tense, I cannot relax. What’s happening to me?","Everyone feels anxious from time to time. When anxious feelings do not go away, happen without any particular reason or make it hard to cope with daily life it may be the sign of an anxiety condition. Anxiety conditions affect 1 in 4 people in Australia and they are treatable."
Anxiety,I am overwhelmed and cannot focus because of anxiety. How can I cope with it?,"Common types of anxiety include social anxiety disorder and generalised anxiety disorder (GAD). There are many evidence-based treatments for anxiety, including therapy and medication. Taking the first step in the journey to recovery can be hard."
Depression,"I feel so lost dealing with depression, it keeps coming back. Why is this happening to me?",Treatment and other support for depression Depression affects how you feel about yourself. It can make life more difficult to manage from day to day. You might lose interest in things you usually enjoy.
Depression,Sometimes I feel like depression is taking control of my life. Can you help me?,"Each type has different symptoms and is treated differently. Common types of depression include major depression (including postnatal depression), bipolar disorder and persistent depressive disorder (dysthymia). Learn more: Types of depression It can be hard to know whether you are feeling depressed or have depression."
Depression,I do not feel like eating or talking to anyone anymore. Is something wrong with me?,"We have information and resources to help you support someone with a mental health condition: Explore our guide on supporting someone --> Explore our guide on supporting someone --> Support someone with anxiety or depression --> Support someone with anxiety or depression --> If you have depression, you are not alone. Learn what depression feels like and how it can be managed. Despite spending decades helping others get better, Geoff’s greatest challenge was taking care of himself."
Depression,I get so angry at small things and I do not know why. How do I stop this?,Treatment and other support for depression Depression affects how you feel about yourself. It can make life more difficult to manage from day to day. You might lose interest in things you usually enjoy.
Depression,I keep pushing people away even though I want help. Why am I like this?,Treatment and other support for depression Depression affects how you feel about yourself. It can make life more difficult to manage from day to day. You might lose interest in things you usually enjoy.
Loneliness,I am overwhelmed and cannot focus because of loneliness. How can I cope with it?,"Being excluded from a group or wider society because of culture or language, racial discrimination, disability, gender, or sexual orientation. Not being able to join in activities because of financial hardship or caring for someone else, or other barriers you cannot control. Feeling a lack of confidence in knowing how to connect with new people."
Loneliness,I feel like crying all the time for no reason. Why am I like this?,"Support is available if you are feeling lonely How does loneliness affect mental and physical health? You’re not alone if you are feeling lonely Some help on your journey to connection and belonging Occasional loneliness is normal, but long-term loneliness can affect mental health. Long-term loneliness has been linked to depression, anxiety, and physical issues like chronic pain."
Loneliness,I get nightmares every night and I’m scared to sleep. Can you help me?,"Being excluded from a group or wider society because of culture or language, racial discrimination, disability, gender, or sexual orientation. Not being able to join in activities because of financial hardship or caring for someone else, or other barriers you cannot control. Feeling a lack of confidence in knowing how to connect with new people."
Loneliness,My family situation is making my loneliness worse every day. What can I do about it?,"Support is available if you are feeling lonely How does loneliness affect mental and physical health? You’re not alone if you are feeling lonely Some help on your journey to connection and belonging Occasional loneliness is normal, but long-term loneliness can affect mental health. Long-term loneliness has been linked to depression, anxiety, and physical issues like chronic pain."
Stress,"I panic when I think about the future, how do I make it stop?","Here are some common signs and symptoms of stress: Dependence on alcohol or other substances Changes in eating or sleeping patterns Worsening of existing mental health issues Not present with family or friends Shortness of breath or chest pains Headaches, muscle aches, jaw clenching or teeth grinding Changes in menstrual cycle or libido Stress is the body’s natural response to a perceived threat or demand, whether real or imagined. Stress is often triggered by external events or situations, like a demanding job, challenging school or university assignments, financial worries, or relationship problems. Stress is usually temporary and subsides once the thing causing the stress is removed."
Stress,"I feel so lost dealing with stress, it keeps coming back. Why is this happening to me?",Feeling stressed? You’re not alone. Stress is a natural response that everyone experiences when under pressure.
Stress,"I feel like nothing excites me anymore, even the things I used to love. What should I do?",Feeling stressed? You’re not alone. Stress is a natural response that everyone experiences when under pressure.
Stress,Sometimes I feel like stress is taking control of my life. Can you help me?,"Here are some common signs and symptoms of stress: Dependence on alcohol or other substances Changes in eating or sleeping patterns Worsening of existing mental health issues Not present with family or friends Shortness of breath or chest pains Headaches, muscle aches, jaw clenching or teeth grinding Changes in menstrual cycle or libido Stress is the body’s natural response to a perceived threat or demand, whether real or imagined. Stress is often triggered by external events or situations, like a demanding job, challenging school or university assignments, financial worries, or relationship problems. Stress is usually temporary and subsides once the thing causing the stress is removed."
Stress,My family situation is making my stress worse every day. What can I do about it?,Feeling stressed? You’re not alone. Stress is a natural response that everyone experiences when under pressure.
Suicide Prevention,I am overwhelmed and cannot focus because of suicide prevention. How can I cope with it?,"If you are seriously injured or at risk of harming yourself right now, call Triple Zero (000) for an ambulance. For free, confidential 24/7 counselling call or chat online to Lifeline or Suicide Call Back Service. No problem is too big or small."
Suicide Prevention,"I feel like giving up on everything, how can I stop feeling this way?","If you are seriously injured or at risk of harming yourself right now, call Triple Zero (000) for an ambulance. For free, confidential 24/7 counselling call or chat online to Lifeline or Suicide Call Back Service. No problem is too big or small."
Suicide Prevention,I cannot sleep at night and I feel hopeless. What’s wrong with me?,"Sometimes life can be overwhelming, and suicide may seem like the only way to relieve the pain. 1 in 6 Australians will have thoughts of suicide at some point during their lives. Suicidal thoughts are common, but they can pass."
Suicide Prevention,My family situation is making my suicide prevention worse every day. What can I do about it?,"Sometimes life can be overwhelming, and suicide may seem like the only way to relieve the pain. 1 in 6 Australians will have thoughts of suicide at some point during their lives. Suicidal thoughts are common, but they can pass."
Suicide Prevention,"I feel so lost dealing with suicide prevention, it keeps coming back. Why is this happening to me?","Sometimes life can be overwhelming, and suicide may seem like the only way to relieve the pain. 1 in 6 Australians will have thoughts of suicide at some point during their lives. Suicidal thoughts are common, but they can pass."
Depression,My family situation is making my depression worse every day. What can I do about it?,nan
Depression,I am overwhelmed and cannot focus because of depression. How can I cope with it?,
Anxiety,My family situation is making my anxiety worse every day. What can I do about it?,"Signs & symptoms of anxiety What the fact sheet covers: • When anxiety is a problem • Types of anxiety disorders • Signs and symptoms of anxiety Everyone experiences anxiety Feeling anxious in certain situations can help us avoid danger, triggering our ‘fight or flight’ response. Sometimes though, we can become overly worried about perceived threats – bad things that may or may not happen. When your worries are persistent or out of proportion to the reality of the threat, and get in the way of you living your life, you may have an anxiety disorder."
Anxiety,"I feel so lost dealing with anxiety, it keeps coming back. Why is this happening to me?","Signs & symptoms of anxiety What the fact sheet covers: • When anxiety is a problem • Types of anxiety disorders • Signs and symptoms of anxiety Everyone experiences anxiety Feeling anxious in certain situations can help us avoid danger, triggering our ‘fight or flight’ response. Sometimes though, we can become overly worried about perceived threats – bad things that may or may not happen. When your worries are persistent or out of proportion to the reality of the threat, and get in the way of you living your life, you may have an anxiety disorder."
Anxiety,Sometimes I feel like anxiety is taking control of my life. Can you help me?,• A range of factors can contribute to anxiety disorders. • Signs and symptoms of anxiety vary. For more information Visit our website blackdoginstitute.org.au Find us on social media @blackdoginst This document may be freely downloaded and distributed on condition no change is made to the content.
Stress,I am overwhelmed and cannot focus because of stress. How can I cope with it?,"Levels of arousal or stress above the ‘comfort’ zone however, lead to impaired performance, reduced concentration and fatigue. If not addressed, prolonged chronic stress can lead to structural and functional changes inside the brain. These changes can play a role in the • Life changes (e.g."
Bipolar Disorder,I am overwhelmed and cannot focus because of bipolar disorder. How can I cope with it?,"Key features of mania & hypomania While it can be difficult to identify what separates normal ‘happiness’ from the euphoria or elevation that is seen in mania and hypomania, researchers at the Black Dog Institute have identified the following distinguishing features: • High energy levels – feeling ‘wired’ and ‘hyper’, extremely energetic, talking more and talking over people, making decisions in a flash, constantly on the go and feeling less need for sleep. • Positive mood – feeling confident and capable, optimistic that one can succeed in everything, more creative, happier and feeling ‘high as a kite’. • • Irritability – irritable mood and impatient and angry behaviours."
Bipolar Disorder,"I feel so lost dealing with bipolar disorder, it keeps coming back. Why is this happening to me?","Causes of bipolar disorder What the fact sheet covers: • Factors involved in developing bipolar disorder • Where to get help for bipolar disorder • Where to get more information. Introduction Brain chemicals While the exact causes of bipolar disorder are not yet fully understood, we do know that it is primarily a biological illness. However, its onset is often linked to stressful life events."
Bipolar Disorder,Sometimes I feel like bipolar disorder is taking control of my life. Can you help me?,"Key features of mania & hypomania While it can be difficult to identify what separates normal ‘happiness’ from the euphoria or elevation that is seen in mania and hypomania, researchers at the Black Dog Institute have identified the following distinguishing features: • High energy levels – feeling ‘wired’ and ‘hyper’, extremely energetic, talking more and talking over people, making decisions in a flash, constantly on the go and feeling less need for sleep. • Positive mood – feeling confident and capable, optimistic that one can succeed in everything, more creative, happier and feeling ‘high as a kite’. • • Irritability – irritable mood and impatient and angry behaviours."
Bipolar Disorder,My family situation is making my bipolar disorder worse every day. What can I do about it?,"Causes of bipolar disorder What the fact sheet covers: • Factors involved in developing bipolar disorder • Where to get help for bipolar disorder • Where to get more information. Introduction Brain chemicals While the exact causes of bipolar disorder are not yet fully understood, we do know that it is primarily a biological illness. However, its onset is often linked to stressful life events."
ADHD,I am overwhelmed and cannot focus because of adhd. How can I cope with it?,"There are others who are going through similar experiences. Living with ADHD does not define you as a person though, you are unique with your own strengths and abilities. Sometimes people can find the experience of ADHD helpful, like being able to finish tasks in a short period of time when you have deadlines or being able to come up with creative solutions."
ADHD,Sometimes I feel like adhd is taking control of my life. Can you help me?,"There are others who are going through similar experiences. Living with ADHD does not define you as a person though, you are unique with your own strengths and abilities. Sometimes people can find the experience of ADHD helpful, like being able to finish tasks in a short period of time when you have deadlines or being able to come up with creative solutions."
ADHD,My family situation is making my adhd worse every day. What can I do about it?,Find a service where you can chat to other people like you or get 1-on-1 support online or in person what is attention deficit hyperactivity disorder (ADHD) in young people? What are the signs and symptoms of ADHD? How might ADHD affect different areas of life?
ADHD,"I feel so lost dealing with adhd, it keeps coming back. Why is this happening to me?",Find a service where you can chat to other people like you or get 1-on-1 support online or in person what is attention deficit hyperactivity disorder (ADHD) in young people? What are the signs and symptoms of ADHD? How might ADHD affect different areas of life?
Autism,I am overwhelmed and cannot focus because of autism. How can I cope with it?,"It can interrupt participation in certain activities or interactions. It can also lead to a preference for routines and habits that if disrupted, can cause high levels of anxiety and distress. It can be different for each person."
Autism,My family situation is making my autism worse every day. What can I do about it?,"Find a service where you can chat to other people like you or get 1-on-1 support online or in person what is autism spectrum disorder? Autism is a lifelong developmental condition that affects the way individuals interact with others and the world around them. It affects how a person thinks, feels, experiences their environment and interacts with other people."
Autism,"I feel so lost dealing with autism, it keeps coming back. Why is this happening to me?","Find a service where you can chat to other people like you or get 1-on-1 support online or in person what is autism spectrum disorder? Autism is a lifelong developmental condition that affects the way individuals interact with others and the world around them. It affects how a person thinks, feels, experiences their environment and interacts with other people."
Autism,Sometimes I feel like autism is taking control of my life. Can you help me?,"It can interrupt participation in certain activities or interactions. It can also lead to a preference for routines and habits that if disrupted, can cause high levels of anxiety and distress. It can be different for each person."
Eating Disorder,Sometimes I feel like eating disorder is taking control of my life. Can you help me?,"Being open and honest about these feelings with supportive people can help to remind you that you are not alone, and to find self-acceptance. Disordered eating can be tough and at times you might forget there is more to you than these challenges. Reconnecting with the other parts of you can help to build up your identity ‘outside’ of the disorder."
Eating Disorder,"I feel so lost dealing with eating disorder, it keeps coming back. Why is this happening to me?","Find a service where you can chat to other people like you or get 1-on-1 support online or in person understanding disordered eating and eating disorders An eating disorder is a diagnosed type of disordered eating. A person experiences disordered eating when they have an unhealthy relationship with food and eating. This can include following a strict diet, skipping meals, or binge eating."
Eating Disorder,My family situation is making my eating disorder worse every day. What can I do about it?,"Find a service where you can chat to other people like you or get 1-on-1 support online or in person understanding disordered eating and eating disorders An eating disorder is a diagnosed type of disordered eating. A person experiences disordered eating when they have an unhealthy relationship with food and eating. This can include following a strict diet, skipping meals, or binge eating."
Eating Disorder,I am overwhelmed and cannot focus because of eating disorder. How can I cope with it?,"Being open and honest about these feelings with supportive people can help to remind you that you are not alone, and to find self-acceptance. Disordered eating can be tough and at times you might forget there is more to you than these challenges. Reconnecting with the other parts of you can help to build up your identity ‘outside’ of the disorder."
Obsessive–Compulsive Disorder,I am overwhelmed and cannot focus because of obsessive–compulsive disorder. How can I cope with it?,"They can cause high amounts of distress and impact a person’s ability to engage in their daily activities like study, work or relationships. People with OCD symptoms might also experience other mental or physical health problems such as depression, anxiety, hoarding, eating disorders, or using alcohol or other drugs in an attempt to cope (making it harder in the long run). Some people may also experience tics which are sudden brief movements or actions including facial grimacing, jerking body parts, throat clearing or blinking."
Obsessive–Compulsive Disorder,"I feel so lost dealing with obsessive–compulsive disorder, it keeps coming back. Why is this happening to me?","Find a service where you can chat to other people like you or get 1-on-1 support online or in person what is obsessive compulsive disorder (OCD)? Obsessive Compulsive Disorder (OCD) is a mental health condition that involves obsessions and compulsions. Obsessions include unwanted ideas, thoughts, images or urges."
Obsessive–Compulsive Disorder,Sometimes I feel like obsessive–compulsive disorder is taking control of my life. Can you help me?,"They can cause high amounts of distress and impact a person’s ability to engage in their daily activities like study, work or relationships. People with OCD symptoms might also experience other mental or physical health problems such as depression, anxiety, hoarding, eating disorders, or using alcohol or other drugs in an attempt to cope (making it harder in the long run). Some people may also experience tics which are sudden brief movements or actions including facial grimacing, jerking body parts, throat clearing or blinking."
Obsessive–Compulsive Disorder,My family situation is making my obsessive–compulsive disorder worse every day. What can I do about it?,"Find a service where you can chat to other people like you or get 1-on-1 support online or in person what is obsessive compulsive disorder (OCD)? Obsessive Compulsive Disorder (OCD) is a mental health condition that involves obsessions and compulsions. Obsessions include unwanted ideas, thoughts, images or urges."
Psychosis,"I feel so lost dealing with psychosis, it keeps coming back. Why is this happening to me?","Find a service where you can chat to other people like you or get 1-on-1 support online or in person what is psychosis & the effects on mental health Psychosis is an experience where a person has problems interpreting the real world. They might see or hear things that other people cannot, or have unusual ideas or beliefs. This can affect their thoughts, feelings and behaviour."
Psychosis,My family situation is making my psychosis worse every day. What can I do about it?,"Find a service where you can chat to other people like you or get 1-on-1 support online or in person what is psychosis & the effects on mental health Psychosis is an experience where a person has problems interpreting the real world. They might see or hear things that other people cannot, or have unusual ideas or beliefs. This can affect their thoughts, feelings and behaviour."
Psychosis,Sometimes I feel like psychosis is taking control of my life. Can you help me?,"Treatments for psychosis usually include: support from family, community and/or mob practical support, like helping the person get back to school or work). When recovering from psychosis, it is really important to manage other stresses in life. Avoiding alcohol and other drugs and learning better ways to cope with stress can help stop the symptoms from coming back in the future."
Psychosis,I am overwhelmed and cannot focus because of psychosis. How can I cope with it?,"Treatments for psychosis usually include: support from family, community and/or mob practical support, like helping the person get back to school or work). When recovering from psychosis, it is really important to manage other stresses in life. Avoiding alcohol and other drugs and learning better ways to cope with stress can help stop the symptoms from coming back in the future."
Self-harm,Sometimes I feel like self-harm is taking control of my life. Can you help me?,"Supporting someone who self harms can be a stressful experience. Think about if it would be useful to get some advice or support for yourself. If you ever feel unable to cope because of intense emotions of if you have thoughts of harming yourself, then ask for help immediately."
Self-harm,"I feel so lost dealing with self-harm, it keeps coming back. Why is this happening to me?","Find a service where you can chat to other people like you or get 1-on-1 support online or in person what you need to know about self harm Self harm is when people deliberately hurt their bodies. Common forms of self harm include: cutting (e.g., cutting the skin on arms, wrists or thighs) deliberately overdosing on medication, drugs or other harmful substances. Young people often report that they self harm to try to manage distressing emotions."
Self-harm,My family situation is making my self-harm worse every day. What can I do about it?,"Find a service where you can chat to other people like you or get 1-on-1 support online or in person what you need to know about self harm Self harm is when people deliberately hurt their bodies. Common forms of self harm include: cutting (e.g., cutting the skin on arms, wrists or thighs) deliberately overdosing on medication, drugs or other harmful substances. Young people often report that they self harm to try to manage distressing emotions."
Self-harm,I am overwhelmed and cannot focus because of self-harm. How can I cope with it?,"Supporting someone who self harms can be a stressful experience. Think about if it would be useful to get some advice or support for yourself. If you ever feel unable to cope because of intense emotions of if you have thoughts of harming yourself, then ask for help immediately."
Suicide,I am overwhelmed and cannot focus because of suicide. How can I cope with it?,"headspace would like to acknowledge Aboriginal and Torres Strait Islander peoples as Australia’s First People and Traditional Custodians. We value their cultures, identities, and continuing connection to country, waters, kin and community. We pay our respects to Elders past and present and are committed to making a positive contribution to the wellbeing of Aboriginal and Torres Strait Islander young people, by providing services that are welcoming, safe, culturally appropriate and inclusive."
Suicide,Sometimes I feel like suicide is taking control of my life. Can you help me?,"headspace would like to acknowledge Aboriginal and Torres Strait Islander peoples as Australia’s First People and Traditional Custodians. We value their cultures, identities, and continuing connection to country, waters, kin and community. We pay our respects to Elders past and present and are committed to making a positive contribution to the wellbeing of Aboriginal and Torres Strait Islander young people, by providing services that are welcoming, safe, culturally appropriate and inclusive."
Suicide,My family situation is making my suicide worse every day. What can I do about it?,"Find a service where you can chat to other people like you or get 1-on-1 support online or in person If you are a young person aged between 12-25 and need information relating to general mental health, physical health, work & study and alcohol and other drugs, this section is designed for you. Try an interactive activity or connect with a mental health professional. headspace centres and services operate across Australia, in metro, regional and rural areas, supporting young people in Australia and their families to be mentally healthy and engaged in their communities."
Suicide,"I feel so lost dealing with suicide, it keeps coming back. Why is this happening to me?","Find a service where you can chat to other people like you or get 1-on-1 support online or in person If you are a young person aged between 12-25 and need information relating to general mental health, physical health, work & study and alcohol and other drugs, this section is designed for you. Try an interactive activity or connect with a mental health professional. headspace centres and services operate across Australia, in metro, regional and rural areas, supporting young people in Australia and their families to be mentally healthy and engaged in their communities."
Trauma,My family situation is making my trauma worse every day. What can I do about it?,"Find a service where you can chat to other people like you or get 1-on-1 support online or in person the impact of trauma on mental health Though there are many definitions of trauma, it is generally understood that traumatic events are situations that threaten your life, sense of safety, or that of someone around you. Trauma is the response to something – usually an event/s – that overwhelms a person’s ability to cope. Everyone experiences and responds to it in different ways and it can cause feelings of distress, fear, helplessness and loss of control."
Trauma,"I feel so lost dealing with trauma, it keeps coming back. Why is this happening to me?","Find a service where you can chat to other people like you or get 1-on-1 support online or in person the impact of trauma on mental health Though there are many definitions of trauma, it is generally understood that traumatic events are situations that threaten your life, sense of safety, or that of someone around you. Trauma is the response to something – usually an event/s – that overwhelms a person’s ability to cope. Everyone experiences and responds to it in different ways and it can cause feelings of distress, fear, helplessness and loss of control."
Trauma,Sometimes I feel like trauma is taking control of my life. Can you help me?,"Trauma can impact anyone. However some groups are at higher risk, such as young people in out-of-home care, those experiencing homelessness, in juvenile justice settings, refugee or asylum seekers, members of the Aboriginal or Torres Strait Islander community or people working in emergency services. Everyone responds to trauma differently and there is no ‘right’ way to respond."
Trauma,I am overwhelmed and cannot focus because of trauma. How can I cope with it?,"Trauma can impact anyone. However some groups are at higher risk, such as young people in out-of-home care, those experiencing homelessness, in juvenile justice settings, refugee or asylum seekers, members of the Aboriginal or Torres Strait Islander community or people working in emergency services. Everyone responds to trauma differently and there is no ‘right’ way to respond."
Domestic and Family Violence,My family situation is making my domestic and family violence worse every day. What can I do about it?,"What is domestic & family violence? 1 of 4 Domestic and family violence (DFV) happens when someone uses violence, threats, intimidation, or controlling behaviours that make you feel scared or take away your choices. It can also affect your children, pets, or other loved ones."
Domestic and Family Violence,I am overwhelmed and cannot focus because of domestic and family violence. How can I cope with it?,Using alcohol or drugs to cope You’re trying to numb the pain or escape difficult emotions. Thinking it is your fault Emotional abuse can make it hard to see the truth. It’s common to feel confused about what you are experiencing.
Domestic and Family Violence,"I feel so lost dealing with domestic and family violence, it keeps coming back. Why is this happening to me?","What is domestic & family violence? 1 of 4 Domestic and family violence (DFV) happens when someone uses violence, threats, intimidation, or controlling behaviours that make you feel scared or take away your choices. It can also affect your children, pets, or other loved ones."
Domestic and Family Violence,Sometimes I feel like domestic and family violence is taking control of my life. Can you help me?,Using alcohol or drugs to cope You’re trying to numb the pain or escape difficult emotions. Thinking it is your fault Emotional abuse can make it hard to see the truth. It’s common to feel confused about what you are experiencing.
Eating and Body Image Challenges,"I feel so lost dealing with eating and body image challenges, it keeps coming back. Why is this happening to me?","Eating challenges & body image 1 of 4 It’s natural to think about food, exercise, or how you look from time to time. But when these thoughts start to take over or impact your daily life, they might be signs of eating challenges or body dissatisfaction. These experiences can affect how you feel, socialise, and manage everyday life."
Eating and Body Image Challenges,I am overwhelmed and cannot focus because of eating and body image challenges. How can I cope with it?,"Managing changes in physical health Illness, injury, or other health challenges can affect how you eat and how you see your body. Finding ways to cope with feelings Sometimes food, exercise, or focusing on your body can feel like ways to manage stress or tough emotions. Experiencing eating and body image challenges is never your fault."
Eating and Body Image Challenges,My family situation is making my eating and body image challenges worse every day. What can I do about it?,"Eating challenges & body image 1 of 4 It’s natural to think about food, exercise, or how you look from time to time. But when these thoughts start to take over or impact your daily life, they might be signs of eating challenges or body dissatisfaction. These experiences can affect how you feel, socialise, and manage everyday life."
Eating and Body Image Challenges,Sometimes I feel like eating and body image challenges is taking control of my life. Can you help me?,"Managing changes in physical health Illness, injury, or other health challenges can affect how you eat and how you see your body. Finding ways to cope with feelings Sometimes food, exercise, or focusing on your body can feel like ways to manage stress or tough emotions. Experiencing eating and body image challenges is never your fault."
Financial Stress,"I feel so lost dealing with financial stress, it keeps coming back. Why is this happening to me?","What is financial stress? Financial stress is the worry and pressure that can build up when managing money feels hard. When money worries stick around, they can make it harder to focus, strain relationships, and lead to tough choices like skipping meals or delaying medical care just to get by."
Financial Stress,Sometimes I feel like financial stress is taking control of my life. Can you help me?,"Studying or living on a low income Trying to manage study costs, limited work hours, or living expenses when money is already tight. Unexpected expenses Things like urgent car repairs, medical bills, or vet costs that pop up and throw off your budget. Experiencing financial stress is not your fault."
Financial Stress,My family situation is making my financial stress worse every day. What can I do about it?,"What is financial stress? Financial stress is the worry and pressure that can build up when managing money feels hard. When money worries stick around, they can make it harder to focus, strain relationships, and lead to tough choices like skipping meals or delaying medical care just to get by."
Financial Stress,I am overwhelmed and cannot focus because of financial stress. How can I cope with it?,"Studying or living on a low income Trying to manage study costs, limited work hours, or living expenses when money is already tight. Unexpected expenses Things like urgent car repairs, medical bills, or vet costs that pop up and throw off your budget. Experiencing financial stress is not your fault."
Grief and Loss,"I feel so lost dealing with grief and loss, it keeps coming back. Why is this happening to me?","Understanding grief & loss Grief is a natural response to losing someone or something significant to you. Whether it is the death of a loved one, the end of a relationship, or another major life change, grief helps us process loss and slowly adjust to a new reality. Grief can come from any experience that shifts your sense of security, identity, or connection to the world."
Grief and Loss,I am overwhelmed and cannot focus because of grief and loss. How can I cope with it?,"Other losses Saying goodbye to a pet or experiencing another change that feels deeply personal and significant to you. Pregnancy and infant loss Experiencing miscarriage, stillbirth, or the loss of a newborn. Grief is deeply personal, and there is no right or wrong way to go through it."
Grief and Loss,My family situation is making my grief and loss worse every day. What can I do about it?,"Understanding grief & loss Grief is a natural response to losing someone or something significant to you. Whether it is the death of a loved one, the end of a relationship, or another major life change, grief helps us process loss and slowly adjust to a new reality. Grief can come from any experience that shifts your sense of security, identity, or connection to the world."
Grief and Loss,Sometimes I feel like grief and loss is taking control of my life. Can you help me?,"Other losses Saying goodbye to a pet or experiencing another change that feels deeply personal and significant to you. Pregnancy and infant loss Experiencing miscarriage, stillbirth, or the loss of a newborn. Grief is deeply personal, and there is no right or wrong way to go through it."
Loneliness,Sometimes I feel like loneliness is taking control of my life. Can you help me?,"Isolation Living alone, working remotely, having limited chances to meet others, or being told where you can go or who you can see. Spending too much time online Social media can make it look like everyone else is connected and thriving, even when that is not the reality. Experiencing loneliness is never your fault."
Loneliness,"I feel so lost dealing with loneliness, it keeps coming back. Why is this happening to me?",1 of 4 Understanding loneliness Loneliness is the feeling that comes from wanting more connection or closeness with others. It is not just about being alone. You might feel lonely even when surrounded by people if those connections do not feel meaningful or supportive.
Natural Disasters,My family situation is making my natural disasters worse every day. What can I do about it?,"Understanding natural disasters Natural disasters like bushfires, floods, cyclones, and droughts can turn life upside down in an instant. They do not just affect the environment; they can also shake your sense of safety and leave you feeling overwhelmed or unsure of what is next. Experiencing a natural disaster can bring up all kinds of emotions."
Natural Disasters,Sometimes I feel like natural disasters is taking control of my life. Can you help me?,"Create a preparedness kit Pack essentials like food, water, medications, and comfort items. Little things like photos, books, or calming tools can help bring a sense of familiarity during stressful times. Check your paperwork Make sure your insurance details are up to date and keep important documents (like ID, medical information, and contact lists) somewhere easy to grab if you need to leave quickly."
Natural Disasters,"I feel so lost dealing with natural disasters, it keeps coming back. Why is this happening to me?","Understanding natural disasters Natural disasters like bushfires, floods, cyclones, and droughts can turn life upside down in an instant. They do not just affect the environment; they can also shake your sense of safety and leave you feeling overwhelmed or unsure of what is next. Experiencing a natural disaster can bring up all kinds of emotions."
Natural Disasters,I am overwhelmed and cannot focus because of natural disasters. How can I cope with it?,"Create a preparedness kit Pack essentials like food, water, medications, and comfort items. Little things like photos, books, or calming tools can help bring a sense of familiarity during stressful times. Check your paperwork Make sure your insurance details are up to date and keep important documents (like ID, medical information, and contact lists) somewhere easy to grab if you need to leave quickly."
Panic Attacks,Sometimes I feel like panic attacks is taking control of my life. Can you help me?,"Health factors Things like chronic pain, certain medical conditions, or substances like caffeine, nicotine, or alcohol. Experiencing panic attacks is never your fault. Whatever the cause, there are ways to navigate what you are feeling."
Panic Attacks,I am overwhelmed and cannot focus because of panic attacks. How can I cope with it?,"Health factors Things like chronic pain, certain medical conditions, or substances like caffeine, nicotine, or alcohol. Experiencing panic attacks is never your fault. Whatever the cause, there are ways to navigate what you are feeling."
Panic Attacks,My family situation is making my panic attacks worse every day. What can I do about it?,"1 of 4 Understanding panic attacks A panic attack is a brief episode of intense mental and physical anxiety symptoms. They can come on suddenly and feel overwhelming, even when there is no real danger. You might feel out of control, disconnected, or like something is seriously wrong."
Panic Attacks,"I feel so lost dealing with panic attacks, it keeps coming back. Why is this happening to me?","1 of 4 Understanding panic attacks A panic attack is a brief episode of intense mental and physical anxiety symptoms. They can come on suddenly and feel overwhelming, even when there is no real danger. You might feel out of control, disconnected, or like something is seriously wrong."
Problem Gambling,My family situation is making my problem gambling worse every day. What can I do about it?,"1 of 4 What is problem gambling? Problem gambling happens when gambling starts to affect your life, relationships, or finances in ways that feel harmful or out of control. While gambling might feel exciting or like a way to escape, it can be hard to stop once it becomes part of your routine."
Problem Gambling,I am overwhelmed and cannot focus because of problem gambling. How can I cope with it?,"Finding it hard to stop Gambling can become difficult to control because of the cycle of risk, reward, and emotional highs. Coping with emotions Feelings like stress, anxiety, loneliness, or boredom can lead to gambling as a distraction. Chasing losses Trying to win back money you have lost, which often leads to even bigger losses."
Problem Gambling,"I feel so lost dealing with problem gambling, it keeps coming back. Why is this happening to me?","1 of 4 What is problem gambling? Problem gambling happens when gambling starts to affect your life, relationships, or finances in ways that feel harmful or out of control. While gambling might feel exciting or like a way to escape, it can be hard to stop once it becomes part of your routine."
Problem Gambling,Sometimes I feel like problem gambling is taking control of my life. Can you help me?,"Finding it hard to stop Gambling can become difficult to control because of the cycle of risk, reward, and emotional highs. Coping with emotions Feelings like stress, anxiety, loneliness, or boredom can lead to gambling as a distraction. Chasing losses Trying to win back money you have lost, which often leads to even bigger losses."
Substance Misuse,My family situation is making my substance misuse worse every day. What can I do about it?,"1 of 4 What is substance misuse? Substance misuse happens when alcohol, drugs, or other substances start to impact your wellbeing, relationships, or daily life. While some people use substances occasionally, their effects can be different for everyone."
Substance Misuse,I am overwhelmed and cannot focus because of substance misuse. How can I cope with it?,"Experiencing substance misuse is never your fault. Whatever the cause, there are ways to navigate what you are feeling. And remember, support is available every step of the way."
Substance Misuse,Sometimes I feel like substance misuse is taking control of my life. Can you help me?,"Experiencing substance misuse is never your fault. Whatever the cause, there are ways to navigate what you are feeling. And remember, support is available every step of the way."
Substance Misuse,"I feel so lost dealing with substance misuse, it keeps coming back. Why is this happening to me?","1 of 4 What is substance misuse? Substance misuse happens when alcohol, drugs, or other substances start to impact your wellbeing, relationships, or daily life. While some people use substances occasionally, their effects can be different for everyone."
COVID-19,My family situation is making my covid-19 worse every day. What can I do about it?,"TOOL KIT Working from home – how to maintain our mental health wellbeing The outbreak of the coronavirus COVID-19 has impacted people in varying ways on an international scale. It is understandable that during times such as this, people may be feeling afraid, worried, anxious and overwhelmed by the constantly changing alerts and media coverage regarding the spread of the virus. If you are asked to work from home either in a full-time or part-time capacity this may come with a mix of feelings and reactions, including: • Excitement for this change in environment and routine • Fear and worry about lack of connection and interaction with others and impact this may have on your own mental health and wellbeing • Loneliness • Fear for your own health and safety, and that of family or loved ones • Feelings of helplessness and hopelessness • Loss of power and control – I did not choose this • Lack of certainty – How long will this situation last?"
COVID-19,Sometimes I feel like covid-19 is taking control of my life. Can you help me?,"If you do not have a lot of time, doing a 10 minute relaxation/meditation before leaving your work space can help you get ready for your next role • Regular breaks – schedule in regular breaks as it can be tempting when working from home to not take time out. It is important to step away from your desk during your breaks and do not look at anything work related. Try enjoying a cup of tea in the garden, call a friend for a quick chat or do some stretches • Physical activity – go for a walk down to your local park or down to the local shops."
COVID-19,"I feel so lost dealing with covid-19, it keeps coming back. Why is this happening to me?","TOOL KIT Working from home – how to maintain our mental health wellbeing The outbreak of the coronavirus COVID-19 has impacted people in varying ways on an international scale. It is understandable that during times such as this, people may be feeling afraid, worried, anxious and overwhelmed by the constantly changing alerts and media coverage regarding the spread of the virus. If you are asked to work from home either in a full-time or part-time capacity this may come with a mix of feelings and reactions, including: • Excitement for this change in environment and routine • Fear and worry about lack of connection and interaction with others and impact this may have on your own mental health and wellbeing • Loneliness • Fear for your own health and safety, and that of family or loved ones • Feelings of helplessness and hopelessness • Loss of power and control – I did not choose this • Lack of certainty – How long will this situation last?"
COVID-19,I am overwhelmed and cannot focus because of covid-19. How can I cope with it?,"If you do not have a lot of time, doing a 10 minute relaxation/meditation before leaving your work space can help you get ready for your next role • Regular breaks – schedule in regular breaks as it can be tempting when working from home to not take time out. It is important to step away from your desk during your breaks and do not look at anything work related. Try enjoying a cup of tea in the garden, call a friend for a quick chat or do some stretches • Physical activity – go for a walk down to your local park or down to the local shops."
Behavioural disorders,My family situation is making my behavioural disorders worse every day. What can I do about it?,"Behavioural disorders are more common among younger adolescents than older adolescents. Attention deficit hyperactivity disorder (ADHD), characterized by difficulty paying attention and/or excessive activity and acting without regard to consequences, occurs among 2.7% of 10–14-year-olds and 2.2% of 15–19-year-olds (1) . Conduct disorder (involving symptoms of destructive or challenging behaviour) occurs among 3.3% of 10–14-year-olds and 1.8% of 15–19-year-olds (1) ."
Behavioural disorders,Sometimes I feel like behavioural disorders is taking control of my life. Can you help me?,"Attention deficit hyperactivity disorder (ADHD), characterized by difficulty paying attention and/or excessive activity and acting without regard to consequences, occurs among 2.7% of 10–14-year-olds and 2.2% of 15–19-year-olds (1) ."
Behavioural disorders,I am overwhelmed and cannot focus because of behavioural disorders. How can I cope with it?,"Attention deficit hyperactivity disorder (ADHD), characterized by difficulty paying attention and/or excessive activity and acting without regard to consequences, occurs among 2.7% of 10–14-year-olds and 2.2% of 15–19-year-olds (1) ."
Behavioural disorders,"I feel so lost dealing with behavioural disorders, it keeps coming back. Why is this happening to me?","Behavioural disorders are more common among younger adolescents than older adolescents. Attention deficit hyperactivity disorder (ADHD), characterized by difficulty paying attention and/or excessive activity and acting without regard to consequences, occurs among 2.7% of 10–14-year-olds and 2.2% of 15–19-year-olds (1) . Conduct disorder (involving symptoms of destructive or challenging behaviour) occurs among 3.3% of 10–14-year-olds and 1.8% of 15–19-year-olds (1) ."
Eating disorders,"I feel so lost dealing with eating disorders, it keeps coming back. Why is this happening to me?","Eating disorders, such as anorexia nervosa and bulimia nervosa, commonly emerge during adolescence and young adulthood. Eating disorders involve abnormal eating behaviour and preoccupation with food, accompanied in most instances by concerns about body weight and shape. Girls are more commonly affected than boys."
Eating disorders,My family situation is making my eating disorders worse every day. What can I do about it?,"Eating disorders, such as anorexia nervosa and bulimia nervosa, commonly emerge during adolescence and young adulthood. Eating disorders involve abnormal eating behaviour and preoccupation with food, accompanied in most instances by concerns about body weight and shape. Girls are more commonly affected than boys."
Eating disorders,Sometimes I feel like eating disorders is taking control of my life. Can you help me?,"Girls are more commonly affected than boys. Eating disorders can affect physical health and often co-exist with depression, anxiety and substance use disorders."
Eating disorders,I am overwhelmed and cannot focus because of eating disorders. How can I cope with it?,"Girls are more commonly affected than boys. Eating disorders can affect physical health and often co-exist with depression, anxiety and substance use disorders."
Suicide and self-harm,"I feel so lost dealing with suicide and self-harm, it keeps coming back. Why is this happening to me?","Suicide is the third leading cause of death in older adolescents and young adults (15–29 years) (2) . Risk factors for suicide are multifaceted, and include harmful use of alcohol, abuse in childhood, stigma against help-seeking, barriers to accessing care and access to means of suicide. Digital media, like any other media, can play a significant role in either enhancing or weakening suicide prevention efforts."
Suicide and self-harm,Sometimes I feel like suicide and self-harm is taking control of my life. Can you help me?,"Risk factors for suicide are multifaceted, and include harmful use of alcohol, abuse in childhood, stigma against help-seeking, barriers to accessing care and access to means of suicide."
Suicide and self-harm,My family situation is making my suicide and self-harm worse every day. What can I do about it?,"Suicide is the third leading cause of death in older adolescents and young adults (15–29 years) (2) . Risk factors for suicide are multifaceted, and include harmful use of alcohol, abuse in childhood, stigma against help-seeking, barriers to accessing care and access to means of suicide. Digital media, like any other media, can play a significant role in either enhancing or weakening suicide prevention efforts."
Suicide and self-harm,I am overwhelmed and cannot focus because of suicide and self-harm. How can I cope with it?,"Risk factors for suicide are multifaceted, and include harmful use of alcohol, abuse in childhood, stigma against help-seeking, barriers to accessing care and access to means of suicide."
Risk-taking behaviours,I am overwhelmed and cannot focus because of risk-taking behaviours. How can I cope with it?,"In 2019, the prevalence of alcohol use among 15–19-year-olds was high worldwide (22%) with very few gender differences, and showing an increase in consumption in some regions (3). The use of tobacco and cannabis are additional concerns. Many adult smokers had their first cigarette prior to the age of 18 years."
Risk-taking behaviours,Sometimes I feel like risk-taking behaviours is taking control of my life. Can you help me?,"In 2019, the prevalence of alcohol use among 15–19-year-olds was high worldwide (22%) with very few gender differences, and showing an increase in consumption in some regions (3). The use of tobacco and cannabis are additional concerns. Many adult smokers had their first cigarette prior to the age of 18 years."
Risk-taking behaviours,My family situation is making my risk-taking behaviours worse every day. What can I do about it?,"Many risk-taking behaviours for health, such as substance use or sexual risk-taking, start during adolescence. Risk-taking behaviours can be an unhelpful strategy to cope with emotional difficulties and can severely impact an adolescent’s mental and physical well-being. Young people are especially vulnerable to developing harmful substance use patterns that can persist across the lifespan."
Risk-taking behaviours,"I feel so lost dealing with risk-taking behaviours, it keeps coming back. Why is this happening to me?","Many risk-taking behaviours for health, such as substance use or sexual risk-taking, start during adolescence. Risk-taking behaviours can be an unhelpful strategy to cope with emotional difficulties and can severely impact an adolescent’s mental and physical well-being. Young people are especially vulnerable to developing harmful substance use patterns that can persist across the lifespan."
